name,memory_mib,cpu_milli,gpu_milli,gpu_spec,qos,time,from,offload,to,start,end,run,complete_cpu,complete_size_cpu,complete_gpu,complete_size_gpu,off_start,off_end,offload_success,complete_offload
openb-pod-5259,22888,340800.0,40.896,-1,2,0,8,0,8,0,0,0,0,0,0,0,0,0,0,0
openb-pod-4523,32768,182664.0,22.833000000000002,-1,1,0,8,0,8,0,0,0,0,0,0,0,0,0,0,0
openb-pod-4950,58368,925840.0,65.2,-1,1,0,8,0,8,0,0,0,0,0,0,0,0,0,0,0
openb-pod-0927,51200,950400.0,0.0,-1,1,0,11,0,11,0,0,0,0,0,0,0,0,0,0,0
openb-pod-2027,48128,317604.0,27.860000000000003,-1,1,0,12,0,12,0,0,0,0,0,0,0,0,0,0,0
openb-pod-2915,32768,598240.0,37.39,-1,1,0,12,0,12,0,0,0,0,0,0,0,0,0,0,0
openb-pod-7776,49152,670316.0,59.32000000000001,-1,1,0,13,0,13,0,0,0,0,0,0,0,0,0,0,0
openb-pod-2391,24576,165120.0,41.28,1,1,0,13,0,13,0,0,0,0,0,0,0,0,0,0,0
openb-pod-2869,49152,457600.0,0.0,-1,2,0,14,0,14,0,0,0,0,0,0,0,0,0,0,0
openb-pod-6721,57344,293250.0,0.0,-1,1,0,14,0,14,0,0,0,0,0,0,0,0,0,0,0
openb-pod-3026,24576,157680.0,39.42,2,1,0,17,0,17,0,0,0,0,0,0,0,0,0,0,0
openb-pod-4694,49152,121362.0,107.4,-1,1,0,17,0,17,0,0,0,0,0,0,0,0,0,0,0
openb-pod-3748,49152,448000.0,0.0,-1,2,0,17,0,17,0,0,0,0,0,0,0,0,0,0,0
openb-pod-7767,49152,345780.0,30.6,-1,1,0,19,0,19,0,0,0,0,0,0,0,0,0,0,0
openb-pod-6652,24576,451600.0,112.9,-1,1,0,21,0,21,0,0,0,0,0,0,0,0,0,0,0
openb-pod-3436,30517,217200.0,115.84,0,2,0,21,0,21,0,0,0,0,0,0,0,0,0,0,0
openb-pod-4492,48128,172254.0,151.1,-1,1,0,21,0,21,0,0,0,0,0,0,0,0,0,0,0
openb-pod-7987,49152,562740.0,49.8,-1,1,1,3,0,3,0,0,0,0,0,0,0,0,0,0,0
openb-pod-7566,49152,505110.0,44.7,0,1,1,4,0,4,0,0,0,0,0,0,0,0,0,0,0
openb-pod-3595,49152,761600.0,0.0,-1,2,1,4,0,4,0,0,0,0,0,0,0,0,0,0,0
openb-pod-5067,49152,632800.0,56.0,-1,1,1,7,0,7,0,0,0,0,0,0,0,0,0,0,0
openb-pod-4651,49152,473600.0,0.0,-1,2,1,7,0,7,0,0,0,0,0,0,0,0,0,0,0
openb-pod-2643,58368,495335.0,31.55,-1,1,1,10,0,10,0,0,0,0,0,0,0,0,0,0,0
openb-pod-5595,49152,113113.0,100.1,2,1,1,10,0,10,0,0,0,0,0,0,0,0,0,0,0
openb-pod-3809,24576,204400.0,51.1,2,1,1,10,0,10,0,0,0,0,0,0,0,0,0,0,0
openb-pod-4715,49152,644100.0,57.0,-1,1,1,14,0,14,0,0,0,0,0,0,0,0,0,0,0
openb-pod-6572,24576,167240.0,41.81,2,1,1,14,0,14,0,0,0,0,0,0,0,0,0,0,0
openb-pod-6786,57344,487500.0,0.0,-1,1,1,14,0,14,0,0,0,0,0,0,0,0,0,0,0
openb-pod-6333,30517,100056.0,81.2955,-1,2,1,15,0,15,0,0,0,0,0,0,0,0,0,0,0
openb-pod-3867,24576,469080.0,39.089999999999996,-1,1,1,15,0,15,0,0,0,0,0,0,0,0,0,0,0
openb-pod-1055,16384,720000.0,60.0,-1,1,1,16,0,16,0,0,0,0,0,0,0,0,0,0,0
openb-pod-0053,16384,810000.0,67.5,2,1,1,16,0,16,0,0,0,0,0,0,0,0,0,0,0
openb-pod-5480,41560,412020.0,42.0,0,1,1,16,0,16,0,0,0,0,0,0,0,0,0,0,0
openb-pod-4673,49152,896090.0,79.3,2,1,1,17,0,17,0,0,0,0,0,0,0,0,0,0,0
openb-pod-4332,32768,579040.0,36.19,-1,1,1,17,0,17,0,0,0,0,0,0,0,0,0,0,0
openb-pod-2243,16384,861600.0,71.8,0,1,1,17,0,17,0,0,0,0,0,0,0,0,0,0,0
openb-pod-2944,58368,194209.0,123.7,-1,1,1,20,0,20,0,0,0,0,0,0,0,0,0,0,0
openb-pod-4821,49152,271991.0,24.07,-1,1,1,20,0,20,0,0,0,0,0,0,0,0,0,0,0
openb-pod-3279,49152,464000.0,0.0,-1,2,1,21,0,21,0,0,0,0,0,0,0,0,0,0,0
openb-pod-7301,64512,143677.44,76.8,0,1,1,21,0,21,0,0,0,0,0,0,0,0,0,0,0
openb-pod-7517,47104,928824.0,50.7,0,1,1,21,0,21,0,0,0,0,0,0,0,0,0,0,0
openb-pod-6352,24576,439200.0,36.6,1,3,1,22,0,22,0,0,0,0,0,0,0,0,0,0,0
openb-pod-2131,22888,108760.0,59.818,2,2,1,22,0,22,0,0,0,0,0,0,0,0,0,0,0
openb-pod-6353,16384,942552.0,78.546,1,1,1,23,0,23,0,0,0,0,0,0,0,0,0,0,0
openb-pod-0140,24576,167480.0,41.87,-1,1,1,23,0,23,0,0,0,0,0,0,0,0,0,0,0
openb-pod-7906,22888,119960.0,95.96799999999999,-1,2,2,0,0,0,0,0,0,0,0,0,0,0,0,0,0
openb-pod-6654,49152,284308.0,25.16,1,1,2,9,0,9,0,0,0,0,0,0,0,0,0,0,0
openb-pod-4693,15258,392000.0,156.8,-1,2,2,14,0,14,0,0,0,0,0,0,0,0,0,0,0
openb-pod-6967,57344,880000.0,0.0,-1,1,2,14,0,14,0,0,0,0,0,0,0,0,0,0,0
openb-pod-5080,30517,325736.0,130.2944,2,2,2,18,0,18,0,0,0,0,0,0,0,0,0,0,0
openb-pod-3071,49152,544000.0,0.0,-1,2,2,18,0,18,0,0,0,0,0,0,0,0,0,0,0
openb-pod-2451,77824,502180.0,42.2,1,1,2,18,0,18,0,0,0,0,0,0,0,0,0,0,0
openb-pod-6226,47104,304487.56,166.20499999999998,-1,1,2,21,0,21,0,0,0,0,0,0,0,0,0,0,0
openb-pod-5399,47104,135513.03999999998,73.97,-1,1,2,21,0,21,0,0,0,0,0,0,0,0,0,0,0
openb-pod-1631,51200,616000.0,0.0,-1,1,2,22,0,22,0,0,0,0,0,0,0,0,0,0,0
openb-pod-4741,49152,527710.0,46.7,0,1,2,22,0,22,0,0,0,0,0,0,0,0,0,0,0
openb-pod-4949,24576,794400.0,66.2,2,1,2,23,0,23,0,0,0,0,0,0,0,0,0,0,0
openb-pod-2198,49152,470400.0,0.0,-1,2,2,23,0,23,0,0,0,0,0,0,0,0,0,0,0
openb-pod-2749,16384,648000.0,54.0,-1,1,3,2,0,2,0,0,0,0,0,0,0,0,0,0,0
openb-pod-6796,41560,500310.0,51.0,-1,1,3,2,0,2,0,0,0,0,0,0,0,0,0,0,0
openb-pod-2356,23552,136800.0,114.0,-1,1,3,2,0,2,0,0,0,0,0,0,0,0,0,0,0
openb-pod-2901,30517,590000.0,33.925,-1,2,3,3,0,3,0,0,0,0,0,0,0,0,0,0,0
openb-pod-5601,65536,292000.0,182.5,-1,1,3,5,0,5,0,0,0,0,0,0,0,0,0,0,0
openb-pod-8138,47104,181597.0,71.675,-1,1,3,6,0,6,0,0,0,0,0,0,0,0,0,0,0
openb-pod-6474,64512,924175.2,49.4,-1,1,3,6,0,6,0,0,0,0,0,0,0,0,0,0,0
openb-pod-7682,24576,401232.0,33.436,-1,1,3,12,0,12,0,0,0,0,0,0,0,0,0,0,0
openb-pod-1464,51200,181500.0,0.0,-1,1,3,12,0,12,0,0,0,0,0,0,0,0,0,0,0
openb-pod-1950,48128,649800.0,57.0,-1,1,3,12,0,12,0,0,0,0,0,0,0,0,0,0,0
openb-pod-6024,51200,570416.0,0.0,-1,1,3,17,0,17,0,0,0,0,0,0,0,0,0,0,0
openb-pod-7468,49152,408043.0,36.11,-1,1,3,19,0,19,0,0,0,0,0,0,0,0,0,0,0
openb-pod-3142,51200,102256.0,0.0,-1,1,3,19,0,19,0,0,0,0,0,0,0,0,0,0,0
openb-pod-5516,18432,199428.0,76.44739999999999,0,1,3,19,0,19,0,0,0,0,0,0,0,0,0,0,0
openb-pod-3521,16384,529200.0,132.3,2,1,3,20,0,20,0,0,0,0,0,0,0,0,0,0,0
openb-pod-5395,57344,433750.0,0.0,-1,1,3,20,0,20,0,0,0,0,0,0,0,0,0,0,0
openb-pod-0129,24576,114840.0,95.7,2,1,3,20,0,20,0,0,0,0,0,0,0,0,0,0,0
openb-pod-1794,32768,578080.0,36.13,2,1,3,23,0,23,0,0,0,0,0,0,0,0,0,0,0
openb-pod-4740,49152,185320.0,164.0,-1,1,3,23,0,23,0,0,0,0,0,0,0,0,0,0,0
openb-pod-4483,48128,661200.0,58.0,0,1,4,4,0,4,0,0,0,0,0,0,0,0,0,0,0
openb-pod-0434,41560,105751.8,107.8,-1,1,4,7,0,7,0,0,0,0,0,0,0,0,0,0,0
openb-pod-0246,30517,940000.0,54.05,-1,2,4,7,0,7,0,0,0,0,0,0,0,0,0,0,0
openb-pod-0705,48128,177612.0,155.8,2,1,4,7,0,7,0,0,0,0,0,0,0,0,0,0,0
openb-pod-7807,49152,387590.0,34.3,-1,1,4,9,0,9,0,0,0,0,0,0,0,0,0,0,0
openb-pod-1706,30517,264000.0,15.18,0,2,4,13,0,13,0,0,0,0,0,0,0,0,0,0,0
openb-pod-2905,32768,578080.0,36.13,-1,1,4,13,0,13,0,0,0,0,0,0,0,0,0,0,0
openb-pod-0555,6144,971400.0,74.474,0,1,4,13,0,13,0,0,0,0,0,0,0,0,0,0,0
openb-pod-4756,49152,928860.0,82.2,-1,1,4,14,0,14,0,0,0,0,0,0,0,0,0,0,0
openb-pod-7448,47104,140376.0,116.97999999999999,2,3,4,14,0,14,0,0,0,0,0,0,0,0,0,0,0
openb-pod-2840,58368,323891.0,20.630000000000003,2,1,4,14,0,14,0,0,0,0,0,0,0,0,0,0,0
openb-pod-5043,22888,175200.0,140.16,-1,2,4,16,0,16,0,0,0,0,0,0,0,0,0,0,0
openb-pod-0370,12288,193980.0,148.718,-1,1,4,16,0,16,0,0,0,0,0,0,0,0,0,0,0
openb-pod-2081,48128,309031.2,27.108000000000004,1,1,4,16,0,16,0,0,0,0,0,0,0,0,0,0,0
openb-pod-8016,24576,100668.0,83.89,-1,1,4,17,0,17,0,0,0,0,0,0,0,0,0,0,0
openb-pod-5445,30517,631200.0,50.495999999999995,-1,2,4,17,0,17,0,0,0,0,0,0,0,0,0,0,0
openb-pod-1994,30517,169120.0,99.358,-1,2,4,18,0,18,0,0,0,0,0,0,0,0,0,0,0
openb-pod-5019,22888,445440.0,35.6352,-1,2,4,20,0,20,0,0,0,0,0,0,0,0,0,0,0
openb-pod-2892,58368,308976.0,196.8,2,1,4,23,0,23,0,0,0,0,0,0,0,0,0,0,0
openb-pod-5038,60000,127772.81999999999,182.53260000000003,-1,3,5,0,0,0,0,0,0,0,0,0,0,0,0,0,0
openb-pod-2709,65536,109632.0,68.52000000000001,0,1,5,2,0,2,0,0,0,0,0,0,0,0,0,0,0
openb-pod-3411,30517,888000.0,52.17,2,2,5,2,0,2,0,0,0,0,0,0,0,0,0,0,0
openb-pod-3399,48128,744420.0,65.3,2,1,5,2,0,2,0,0,0,0,0,0,0,0,0,0,0
openb-pod-1199,64512,312423.6,167.0,-1,1,5,4,0,4,0,0,0,0,0,0,0,0,0,0,0
openb-pod-0414,47104,141788.556,55.962900000000005,0,1,5,4,0,4,0,0,0,0,0,0,0,0,0,0,0
openb-pod-7732,49152,175150.0,155.0,2,1,5,6,0,6,0,0,0,0,0,0,0,0,0,0,0
openb-pod-0599,31250,228680.0,57.17,-1,1,5,7,0,7,0,0,0,0,0,0,0,0,0,0,0
openb-pod-0005,65536,202865.68,0.0,-1,1,5,7,0,7,0,0,0,0,0,0,0,0,0,0,0
openb-pod-7368,47104,218630.87999999998,183.6,2,2,5,7,0,7,0,0,0,0,0,0,0,0,0,0,0
openb-pod-3722,48128,501600.0,44.0,-1,1,5,8,0,8,0,0,0,0,0,0,0,0,0,0,0
openb-pod-0422,43008,297018.0,34.14,1,1,5,12,0,12,0,0,0,0,0,0,0,0,0,0,0
openb-pod-4982,49152,723200.0,64.0,2,1,5,12,0,12,0,0,0,0,0,0,0,0,0,0,0
openb-pod-5609,49152,148030.0,131.0,-1,1,5,16,0,16,0,0,0,0,0,0,0,0,0,0,0
openb-pod-3043,30517,131600.0,106.925,-1,2,5,16,0,16,0,0,0,0,0,0,0,0,0,0,0
openb-pod-4623,16384,856153.6,107.0192,-1,1,5,16,0,16,0,0,0,0,0,0,0,0,0,0,0
openb-pod-6130,77824,565440.0,49.6,0,1,5,20,0,20,0,0,0,0,0,0,0,0,0,0,0
openb-pod-6635,57344,156425.0,0.0,-1,1,5,20,0,20,0,0,0,0,0,0,0,0,0,0,0
openb-pod-7121,5600,100287.18400000001,25.771770000000004,1,2,5,20,0,20,0,0,0,0,0,0,0,0,0,0,0
openb-pod-0448,30517,152000.0,8.74,1,2,5,21,0,21,0,0,0,0,0,0,0,0,0,0,0
openb-pod-6197,57344,100500.0,0.0,-1,1,5,23,0,23,0,0,0,0,0,0,0,0,0,0,0
openb-pod-4268,5600,166693.52,42.83684999999999,-1,2,5,23,0,23,0,0,0,0,0,0,0,0,0,0,0
openb-pod-0549,16384,322080.0,40.260000000000005,-1,1,5,23,0,23,0,0,0,0,0,0,0,0,0,0,0
openb-pod-3560,48828,820000.0,0.0,-1,1,5,24,0,24,0,0,0,0,0,0,0,0,0,0,0
openb-pod-8019,77824,136800.0,120.0,-1,1,5,24,0,24,0,0,0,0,0,0,0,0,0,0,0
openb-pod-7948,47104,112923.56400000001,44.570100000000004,1,1,5,24,0,24,0,0,0,0,0,0,0,0,0,0,0
openb-pod-4826,49152,258544.0,22.880000000000003,-1,1,6,4,0,4,0,0,0,0,0,0,0,0,0,0,0
openb-pod-2995,32768,252800.0,158.0,0,1,6,4,0,4,0,0,0,0,0,0,0,0,0,0,0
openb-pod-4888,49152,212440.0,188.0,-1,1,6,7,0,7,0,0,0,0,0,0,0,0,0,0,0
openb-pod-0129,24576,114840.0,95.7,0,1,6,7,0,7,0,0,0,0,0,0,0,0,0,0,0
openb-pod-6257,49152,666700.0,59.0,1,1,6,7,0,7,0,0,0,0,0,0,0,0,0,0,0
openb-pod-0053,16384,810000.0,67.5,1,1,6,9,0,9,0,0,0,0,0,0,0,0,0,0,0
openb-pod-0952,64512,148167.36000000002,79.2,-1,1,6,13,0,13,0,0,0,0,0,0,0,0,0,0,0
openb-pod-7127,47104,884764.4,74.3,-1,2,6,13,0,13,0,0,0,0,0,0,0,0,0,0,0
openb-pod-6949,47104,538122.52,21.239299999999997,-1,1,6,15,0,15,0,0,0,0,0,0,0,0,0,0,0
openb-pod-4321,49152,476800.0,0.0,-1,2,6,15,0,15,0,0,0,0,0,0,0,0,0,0,0
openb-pod-2357,47104,148254.6,58.515,-1,1,6,16,0,16,0,0,0,0,0,0,0,0,0,0,0
openb-pod-4876,47104,183264.12,100.035,0,1,6,16,0,16,0,0,0,0,0,0,0,0,0,0,0
openb-pod-4961,49152,779700.0,69.0,1,1,6,17,0,17,0,0,0,0,0,0,0,0,0,0,0
openb-pod-0475,32768,379520.0,23.72,-1,1,7,1,0,1,0,0,0,0,0,0,0,0,0,0,0
openb-pod-0230,47104,432974.88,170.892,-1,1,7,2,0,2,0,0,0,0,0,0,0,0,0,0,0
openb-pod-5834,30517,632320.0,0.0,-1,2,7,2,0,2,0,0,0,0,0,0,0,0,0,0,0
openb-pod-3615,30517,226896.0,0.0,-1,2,7,8,0,8,0,0,0,0,0,0,0,0,0,0,0
openb-pod-6275,49152,484770.0,42.9,-1,1,7,13,0,13,0,0,0,0,0,0,0,0,0,0,0
openb-pod-6353,16384,942552.0,78.546,2,1,7,14,0,14,0,0,0,0,0,0,0,0,0,0,0
openb-pod-7939,49152,626020.0,55.4,-1,1,7,14,0,14,0,0,0,0,0,0,0,0,0,0,0
openb-pod-5172,49152,228260.0,20.2,-1,1,7,14,0,14,0,0,0,0,0,0,0,0,0,0,0
openb-pod-1300,58368,334410.0,21.3,2,1,7,15,0,15,0,0,0,0,0,0,0,0,0,0,0
openb-pod-5315,49152,267697.0,23.69,-1,1,7,15,0,15,0,0,0,0,0,0,0,0,0,0,0
openb-pod-2829,77824,404600.0,34.0,-1,1,7,15,0,15,0,0,0,0,0,0,0,0,0,0,0
openb-pod-0903,51200,380985.0,0.0,-1,1,7,17,0,17,0,0,0,0,0,0,0,0,0,0,0
openb-pod-3436,30517,217200.0,115.84,0,2,7,18,0,18,0,0,0,0,0,0,0,0,0,0,0
openb-pod-6974,57344,980000.0,0.0,-1,1,7,18,0,18,0,0,0,0,0,0,0,0,0,0,0
openb-pod-0829,30517,216528.0,0.0,-1,2,7,18,0,18,0,0,0,0,0,0,0,0,0,0,0
openb-pod-4471,41560,696510.0,71.0,2,1,7,22,0,22,0,0,0,0,0,0,0,0,0,0,0
openb-pod-7860,49152,666700.0,59.0,0,1,8,0,0,0,0,0,0,0,0,0,0,0,0,0,0
openb-pod-5110,49152,542400.0,48.0,0,1,8,1,0,1,0,0,0,0,0,0,0,0,0,0,0
openb-pod-5696,49152,471210.0,41.7,2,1,8,1,0,1,0,0,0,0,0,0,0,0,0,0,0
openb-pod-5537,30517,134776.0,0.0,-1,2,8,1,0,1,0,0,0,0,0,0,0,0,0,0,0
openb-pod-7331,47104,154804.0,84.5,1,1,8,7,0,7,0,0,0,0,0,0,0,0,0,0,0
openb-pod-4140,64512,615493.2,32.9,-1,1,8,7,0,7,0,0,0,0,0,0,0,0,0,0,0
openb-pod-7194,47104,869284.0,34.31,1,1,8,7,0,7,0,0,0,0,0,0,0,0,0,0,0
openb-pod-6873,24576,104160.0,86.8,1,1,8,8,0,8,0,0,0,0,0,0,0,0,0,0,0
openb-pod-7394,41560,892710.0,91.0,0,1,8,10,0,10,0,0,0,0,0,0,0,0,0,0,0
openb-pod-0766,47104,435237.4,23.7575,-1,1,8,10,0,10,0,0,0,0,0,0,0,0,0,0,0
openb-pod-4756,49152,928860.0,82.2,-1,1,8,10,0,10,0,0,0,0,0,0,0,0,0,0,0
openb-pod-2735,49152,483200.0,0.0,-1,2,8,12,0,12,0,0,0,0,0,0,0,0,0,0,0
openb-pod-5573,49152,103960.0,92.0,-1,1,8,13,0,13,0,0,0,0,0,0,0,0,0,0,0
openb-pod-2687,48128,547200.0,48.0,2,1,8,15,0,15,0,0,0,0,0,0,0,0,0,0,0
openb-pod-1299,58368,360158.0,22.94,-1,1,8,15,0,15,0,0,0,0,0,0,0,0,0,0,0
openb-pod-1765,16384,646800.0,53.9,-1,1,8,20,0,20,0,0,0,0,0,0,0,0,0,0,0
openb-pod-2490,58368,386220.0,24.6,-1,1,8,20,0,20,0,0,0,0,0,0,0,0,0,0,0
openb-pod-0761,30517,358000.0,20.585,-1,2,8,21,0,21,0,0,0,0,0,0,0,0,0,0,0
openb-pod-4576,6144,871300.0,87.13,-1,1,8,22,0,22,0,0,0,0,0,0,0,0,0,0,0
openb-pod-0290,32768,273920.0,34.239999999999995,-1,1,8,23,0,23,0,0,0,0,0,0,0,0,0,0,0
openb-pod-0680,48128,682860.0,59.9,1,1,8,23,0,23,0,0,0,0,0,0,0,0,0,0,0
openb-pod-3711,48128,246240.0,21.6,-1,1,9,0,0,0,0,0,0,0,0,0,0,0,0,0,0
openb-pod-0559,16384,555440.0,69.42999999999999,2,1,9,2,0,2,0,0,0,0,0,0,0,0,0,0,0
openb-pod-6257,49152,666700.0,59.0,1,1,9,2,0,2,0,0,0,0,0,0,0,0,0,0,0
openb-pod-0815,22888,379160.0,30.332800000000002,-1,2,9,4,0,4,0,0,0,0,0,0,0,0,0,0,0
openb-pod-4599,15625,325600.0,40.7,-1,1,9,4,0,4,0,0,0,0,0,0,0,0,0,0,0
openb-pod-1349,64512,110377.2,59.0,-1,1,9,4,0,4,0,0,0,0,0,0,0,0,0,0,0
openb-pod-2024,30517,912000.0,53.58,1,2,9,5,0,5,0,0,0,0,0,0,0,0,0,0,0
openb-pod-5445,30517,631200.0,50.495999999999995,-1,2,9,5,0,5,0,0,0,0,0,0,0,0,0,0,0
openb-pod-4572,48128,889200.0,78.0,-1,1,9,5,0,5,0,0,0,0,0,0,0,0,0,0,0
openb-pod-8125,30517,240000.0,141.0,2,2,9,6,0,6,0,0,0,0,0,0,0,0,0,0,0
openb-pod-5180,30517,122400.0,71.91,1,2,9,6,0,6,0,0,0,0,0,0,0,0,0,0,0
openb-pod-4735,65536,729440.0,45.589999999999996,-1,1,9,7,0,7,0,0,0,0,0,0,0,0,0,0,0
openb-pod-6147,49152,206790.0,183.0,-1,1,9,7,0,7,0,0,0,0,0,0,0,0,0,0,0
openb-pod-0852,15258,724000.0,57.92,-1,2,9,8,0,8,0,0,0,0,0,0,0,0,0,0,0
openb-pod-0463,30517,515440.0,20.617600000000003,2,2,9,8,0,8,0,0,0,0,0,0,0,0,0,0,0
openb-pod-5047,30517,184400.0,149.825,-1,2,9,8,0,8,0,0,0,0,0,0,0,0,0,0,0
openb-pod-4687,49152,229390.0,20.3,1,1,9,12,0,12,0,0,0,0,0,0,0,0,0,0,0
openb-pod-0964,51200,418110.0,0.0,-1,1,9,14,0,14,0,0,0,0,0,0,0,0,0,0,0
openb-pod-4200,47104,897863.2,75.4,-1,2,9,14,0,14,0,0,0,0,0,0,0,0,0,0,0
openb-pod-1391,48128,850440.0,74.6,-1,1,9,14,0,14,0,0,0,0,0,0,0,0,0,0,0
openb-pod-5691,47104,320325.2,174.85,-1,1,9,16,0,16,0,0,0,0,0,0,0,0,0,0,0
openb-pod-7661,22888,144090.0,38.424,-1,2,9,16,0,16,0,0,0,0,0,0,0,0,0,0,0
openb-pod-2668,48128,915420.0,80.3,2,1,9,18,0,18,0,0,0,0,0,0,0,0,0,0,0
openb-pod-6041,58368,962476.0,67.78,1,1,9,18,0,18,0,0,0,0,0,0,0,0,0,0,0
openb-pod-6179,57344,933750.0,0.0,-1,1,10,0,0,0,0,0,0,0,0,0,0,0,0,0,0
openb-pod-7716,49152,291540.0,25.8,1,1,10,1,0,1,0,0,0,0,0,0,0,0,0,0,0
openb-pod-0296,47104,183621.36000000002,72.474,0,1,10,1,0,1,0,0,0,0,0,0,0,0,0,0,0
openb-pod-4443,30517,139288.0,0.0,-1,2,10,1,0,1,0,0,0,0,0,0,0,0,0,0,0
openb-pod-5972,48128,103056.0,90.4,0,1,10,2,0,2,0,0,0,0,0,0,0,0,0,0,0
openb-pod-8091,47104,746750.6799999999,29.473699999999997,0,1,10,2,0,2,0,0,0,0,0,0,0,0,0,0,0
openb-pod-0290,32768,273920.0,34.239999999999995,2,1,10,3,0,3,0,0,0,0,0,0,0,0,0,0,0
openb-pod-6082,49152,360470.0,31.9,-1,1,10,3,0,3,0,0,0,0,0,0,0,0,0,0,0
openb-pod-3579,16384,931360.0,116.42,-1,1,10,3,0,3,0,0,0,0,0,0,0,0,0,0,0
openb-pod-6614,49152,353803.0,31.310000000000002,-1,1,10,4,0,4,0,0,0,0,0,0,0,0,0,0,0
openb-pod-2544,15258,216000.0,172.8,2,2,10,4,0,4,0,0,0,0,0,0,0,0,0,0,0
openb-pod-3059,48128,614460.0,53.9,0,1,10,4,0,4,0,0,0,0,0,0,0,0,0,0,0
openb-pod-7348,64512,128898.12,68.9,1,1,10,6,0,6,0,0,0,0,0,0,0,0,0,0,0
openb-pod-5207,49152,150629.0,133.3,-1,1,10,6,0,6,0,0,0,0,0,0,0,0,0,0,0
openb-pod-1186,30517,576000.0,33.84,-1,2,10,10,0,10,0,0,0,0,0,0,0,0,0,0,0
openb-pod-2589,48128,892620.0,78.3,2,1,10,10,0,10,0,0,0,0,0,0,0,0,0,0,0
openb-pod-7345,47104,144444.03999999998,57.011,-1,1,10,10,0,10,0,0,0,0,0,0,0,0,0,0,0
openb-pod-0358,15258,150880.0,120.704,-1,2,10,12,0,12,0,0,0,0,0,0,0,0,0,0,0
openb-pod-1153,41560,563094.0,57.4,-1,1,10,12,0,12,0,0,0,0,0,0,0,0,0,0,0
openb-pod-3670,48128,170886.0,149.9,-1,1,10,14,0,14,0,0,0,0,0,0,0,0,0,0,0
openb-pod-6902,49152,665118.0,58.86,2,1,10,14,0,14,0,0,0,0,0,0,0,0,0,0,0
openb-pod-8125,30517,240000.0,141.0,1,2,10,14,0,14,0,0,0,0,0,0,0,0,0,0,0
openb-pod-0230,47104,432974.88,170.892,-1,1,10,16,0,16,0,0,0,0,0,0,0,0,0,0,0
openb-pod-2853,32768,171360.0,107.1,-1,1,10,16,0,16,0,0,0,0,0,0,0,0,0,0,0
openb-pod-4142,48128,154698.0,135.7,-1,1,10,16,0,16,0,0,0,0,0,0,0,0,0,0,0
openb-pod-3382,47104,168379.12,91.91,-1,1,10,17,0,17,0,0,0,0,0,0,0,0,0,0,0
openb-pod-3298,22888,426320.0,34.105599999999995,0,2,10,18,0,18,0,0,0,0,0,0,0,0,0,0,0
openb-pod-7671,49152,269053.0,23.81,0,1,10,18,0,18,0,0,0,0,0,0,0,0,0,0,0
openb-pod-1309,8192,386988.0,29.66908,-1,1,10,18,0,18,0,0,0,0,0,0,0,0,0,0,0
openb-pod-2501,8192,116097.6,89.00816,2,1,10,21,0,21,0,0,0,0,0,0,0,0,0,0,0
openb-pod-3354,47104,302820.44,165.29500000000002,-1,1,10,21,0,21,0,0,0,0,0,0,0,0,0,0,0
openb-pod-5028,47104,172785.08000000002,94.315,-1,1,10,23,0,23,0,0,0,0,0,0,0,0,0,0,0
openb-pod-6903,49152,164867.0,145.9,1,1,11,6,0,6,0,0,0,0,0,0,0,0,0,0,0
openb-pod-2128,48128,230280.0,20.2,-1,1,11,13,0,13,0,0,0,0,0,0,0,0,0,0,0
openb-pod-5052,24576,160896.0,134.07999999999998,2,1,11,14,0,14,0,0,0,0,0,0,0,0,0,0,0
openb-pod-1582,58368,543691.0,34.63,2,1,11,14,0,14,0,0,0,0,0,0,0,0,0,0,0
openb-pod-7377,30517,156800.0,92.12,-1,2,11,14,0,14,0,0,0,0,0,0,0,0,0,0,0
openb-pod-1735,15258,175160.0,140.128,2,2,11,15,0,15,0,0,0,0,0,0,0,0,0,0,0
openb-pod-2347,31250,203840.0,50.96,2,1,11,15,0,15,0,0,0,0,0,0,0,0,0,0,0
openb-pod-5679,47104,609689.6,24.064,2,1,11,15,0,15,0,0,0,0,0,0,0,0,0,0,0
openb-pod-6021,58368,129788.0,91.4,1,1,11,16,0,16,0,0,0,0,0,0,0,0,0,0,0
openb-pod-2582,58368,690800.0,44.0,1,1,11,16,0,16,0,0,0,0,0,0,0,0,0,0,0
openb-pod-6674,49152,798910.0,70.7,-1,1,11,16,0,16,0,0,0,0,0,0,0,0,0,0,0
openb-pod-0349,30517,150112.0,41.2808,1,2,11,17,0,17,0,0,0,0,0,0,0,0,0,0,0
openb-pod-3002,24576,858480.0,71.53999999999999,-1,1,11,17,0,17,0,0,0,0,0,0,0,0,0,0,0
openb-pod-1368,51200,957000.0,0.0,-1,1,11,18,0,18,0,0,0,0,0,0,0,0,0,0,0
openb-pod-5097,6144,323400.0,24.794,-1,1,11,19,0,19,0,0,0,0,0,0,0,0,0,0,0
openb-pod-3862,18432,589300.2,45.179682,-1,1,12,0,0,0,0,0,0,0,0,0,0,0,0,0,0
openb-pod-2013,24576,122400.0,102.0,-1,1,12,0,0,0,0,0,0,0,0,0,0,0,0,0,0
openb-pod-2551,30517,497600.0,199.04,-1,2,12,0,0,0,0,0,0,0,0,0,0,0,0,0,0
openb-pod-4708,49152,768400.0,68.0,2,1,12,1,0,1,0,0,0,0,0,0,0,0,0,0,0
openb-pod-5205,49152,723200.0,64.0,-1,1,12,1,0,1,0,0,0,0,0,0,0,0,0,0,0
openb-pod-6156,64512,105513.12,56.4,-1,1,12,1,0,1,0,0,0,0,0,0,0,0,0,0,0
openb-pod-1415,16384,107940.0,82.75399999999999,-1,1,12,2,0,2,0,0,0,0,0,0,0,0,0,0,0
openb-pod-6871,16384,666012.0,55.501,-1,1,12,3,0,3,0,0,0,0,0,0,0,0,0,0,0
openb-pod-5993,49152,433920.0,38.4,0,1,12,5,0,5,0,0,0,0,0,0,0,0,0,0,0
openb-pod-3184,58368,807137.0,51.410000000000004,2,1,12,6,0,6,0,0,0,0,0,0,0,0,0,0,0
openb-pod-7291,125952,477240.0,29.1,-1,1,12,6,0,6,0,0,0,0,0,0,0,0,0,0,0
openb-pod-5428,49152,424880.0,37.6,-1,1,12,8,0,8,0,0,0,0,0,0,0,0,0,0,0
openb-pod-3386,32768,288640.0,180.4,-1,1,12,9,0,9,0,0,0,0,0,0,0,0,0,0,0
openb-pod-7810,49152,412450.0,36.5,-1,1,12,9,0,9,0,0,0,0,0,0,0,0,0,0,0
openb-pod-0320,65536,129008.0,80.63,-1,1,12,20,0,20,0,0,0,0,0,0,0,0,0,0,0
openb-pod-2463,48128,634182.0,55.629999999999995,-1,1,12,20,0,20,0,0,0,0,0,0,0,0,0,0,0
openb-pod-6554,41560,490500.0,50.0,-1,1,12,20,0,20,0,0,0,0,0,0,0,0,0,0,0
openb-pod-2800,48128,331740.0,29.1,1,1,12,22,0,22,0,0,0,0,0,0,0,0,0,0,0
openb-pod-5261,58368,894600.0,63.0,2,1,12,23,0,23,0,0,0,0,0,0,0,0,0,0,0
openb-pod-6176,49152,334480.0,29.6,-1,1,13,0,0,0,0,0,0,0,0,0,0,0,0,0,0
openb-pod-2415,37888,281370.0,24.9,0,1,13,0,0,0,0,0,0,0,0,0,0,0,0,0,0
openb-pod-7717,49152,870100.0,77.0,-1,1,13,0,0,0,0,0,0,0,0,0,0,0,0,0,0
openb-pod-2067,48128,515052.0,45.18,-1,1,13,1,0,1,0,0,0,0,0,0,0,0,0,0,0
openb-pod-3868,15258,150800.0,82.94,-1,2,13,1,0,1,0,0,0,0,0,0,0,0,0,0,0
openb-pod-6819,16384,562800.0,46.9,2,1,13,2,0,2,0,0,0,0,0,0,0,0,0,0,0
openb-pod-0012,32768,349097.12,43.63714,2,1,13,5,0,5,0,0,0,0,0,0,0,0,0,0,0
openb-pod-4869,24576,624000.0,52.0,-1,3,13,5,0,5,0,0,0,0,0,0,0,0,0,0,0
openb-pod-0372,15258,970800.0,38.832,-1,2,13,5,0,5,0,0,0,0,0,0,0,0,0,0,0
openb-pod-2867,24576,183640.0,45.910000000000004,-1,1,13,11,0,11,0,0,0,0,0,0,0,0,0,0,0
openb-pod-7921,49152,836200.0,74.0,-1,1,13,11,0,11,0,0,0,0,0,0,0,0,0,0,0
openb-pod-3859,30517,193480.0,154.784,-1,2,13,11,0,11,0,0,0,0,0,0,0,0,0,0,0
openb-pod-6871,16384,666012.0,55.501,-1,1,13,19,0,19,0,0,0,0,0,0,0,0,0,0,0
openb-pod-3483,48128,665760.0,58.4,-1,1,13,23,0,23,0,0,0,0,0,0,0,0,0,0,0
openb-pod-3622,16384,140800.0,176.0,-1,1,13,23,0,23,0,0,0,0,0,0,0,0,0,0,0
openb-pod-2247,51200,323862.0,0.0,-1,1,13,23,0,23,0,0,0,0,0,0,0,0,0,0,0
openb-pod-0226,32768,880800.0,110.1,-1,1,13,24,0,24,0,0,0,0,0,0,0,0,0,0,0
openb-pod-6571,22888,121932.0,97.5456,-1,2,14,5,0,5,0,0,0,0,0,0,0,0,0,0,0
openb-pod-2939,30517,456000.0,26.79,2,2,14,5,0,5,0,0,0,0,0,0,0,0,0,0,0
openb-pod-8041,77824,449160.0,39.4,-1,1,14,10,0,10,0,0,0,0,0,0,0,0,0,0,0
openb-pod-2905,32768,578080.0,36.13,1,1,14,10,0,10,0,0,0,0,0,0,0,0,0,0,0
openb-pod-7821,15258,454000.0,181.6,-1,2,14,10,0,10,0,0,0,0,0,0,0,0,0,0,0
openb-pod-3689,64512,617364.0,33.0,-1,1,14,11,0,11,0,0,0,0,0,0,0,0,0,0,0
openb-pod-4258,48128,174648.0,153.2,-1,1,14,13,0,13,0,0,0,0,0,0,0,0,0,0,0
openb-pod-6612,30517,515200.0,41.216,-1,2,14,13,0,13,0,0,0,0,0,0,0,0,0,0,0
openb-pod-5211,30517,400000.0,23.5,-1,2,14,13,0,13,0,0,0,0,0,0,0,0,0,0,0
openb-pod-5182,49152,638450.0,56.5,1,1,14,14,0,14,0,0,0,0,0,0,0,0,0,0,0
openb-pod-4847,49152,131645.0,116.5,-1,1,14,15,0,15,0,0,0,0,0,0,0,0,0,0,0
openb-pod-1429,58368,309918.0,197.4,-1,1,14,15,0,15,0,0,0,0,0,0,0,0,0,0,0
openb-pod-6692,49152,870100.0,77.0,-1,1,14,15,0,15,0,0,0,0,0,0,0,0,0,0,0
openb-pod-0263,64512,351710.4,188.0,-1,1,14,18,0,18,0,0,0,0,0,0,0,0,0,0,0
openb-pod-2887,22888,315600.0,25.248,-1,2,14,18,0,18,0,0,0,0,0,0,0,0,0,0,0
openb-pod-3381,47104,172308.76,94.05499999999999,2,1,14,18,0,18,0,0,0,0,0,0,0,0,0,0,0
openb-pod-6537,64512,860568.0,46.0,1,1,14,23,0,23,0,0,0,0,0,0,0,0,0,0,0
openb-pod-0550,15360,936000.0,78.0,1,1,14,23,0,23,0,0,0,0,0,0,0,0,0,0,0
openb-pod-2935,58368,267842.0,170.6,-1,1,14,23,0,23,0,0,0,0,0,0,0,0,0,0,0
openb-pod-3506,51200,439054.0,0.0,-1,1,15,0,0,0,0,0,0,0,0,0,0,0,0,0,0
openb-pod-4325,31250,436800.0,0.0,-1,1,15,0,0,0,0,0,0,0,0,0,0,0,0,0,0
openb-pod-2320,22888,565800.0,47.15,-1,2,15,1,0,1,0,0,0,0,0,0,0,0,0,0,0
openb-pod-2507,22888,334620.0,61.347,-1,2,15,1,0,1,0,0,0,0,0,0,0,0,0,0,0
openb-pod-4279,48128,103740.0,91.0,-1,1,15,1,0,1,0,0,0,0,0,0,0,0,0,0,0
openb-pod-4121,73728,141371.2,94.88,0,1,15,4,0,4,0,0,0,0,0,0,0,0,0,0,0
openb-pod-6343,47104,887146.0,35.015,-1,1,15,5,0,5,0,0,0,0,0,0,0,0,0,0,0
openb-pod-6492,15360,132564.0,110.47,-1,1,15,6,0,6,0,0,0,0,0,0,0,0,0,0,0
openb-pod-6056,47104,905008.0,35.72,1,1,15,6,0,6,0,0,0,0,0,0,0,0,0,0,0
openb-pod-4376,47104,595400.0,32.5,1,1,15,7,0,7,0,0,0,0,0,0,0,0,0,0,0
openb-pod-6845,24576,177880.0,44.47,1,1,15,11,0,11,0,0,0,0,0,0,0,0,0,0,0
openb-pod-3277,22888,142800.0,171.36,0,2,15,11,0,11,0,0,0,0,0,0,0,0,0,0,0
openb-pod-7774,49152,285890.0,25.3,-1,1,15,23,0,23,0,0,0,0,0,0,0,0,0,0,0
openb-pod-7394,41560,892710.0,91.0,-1,1,16,1,0,1,0,0,0,0,0,0,0,0,0,0,0
openb-pod-7118,30517,978400.0,0.0,-1,2,16,1,0,1,0,0,0,0,0,0,0,0,0,0,0
openb-pod-0368,58368,113354.0,72.2,-1,1,16,1,0,1,0,0,0,0,0,0,0,0,0,0,0
openb-pod-0804,15360,680185.2,56.682100000000005,1,1,16,2,0,2,0,0,0,0,0,0,0,0,0,0,0
openb-pod-6556,41560,704063.7,71.77000000000001,-1,1,16,2,0,2,0,0,0,0,0,0,0,0,0,0,0
openb-pod-6046,77824,186960.0,164.0,0,1,16,4,0,4,0,0,0,0,0,0,0,0,0,0,0
openb-pod-7609,49152,581950.0,51.5,-1,1,16,4,0,4,0,0,0,0,0,0,0,0,0,0,0
openb-pod-6374,16384,104560.0,130.7,2,1,16,5,0,5,0,0,0,0,0,0,0,0,0,0,0
openb-pod-4706,49152,922080.0,81.6,1,1,16,8,0,8,0,0,0,0,0,0,0,0,0,0,0
openb-pod-3017,30517,164112.0,0.0,-1,2,16,9,0,9,0,0,0,0,0,0,0,0,0,0,0
openb-pod-2757,77824,380443.0,31.97,2,1,16,9,0,9,0,0,0,0,0,0,0,0,0,0,0
openb-pod-7529,77824,123120.0,108.0,-1,1,16,11,0,11,0,0,0,0,0,0,0,0,0,0,0
openb-pod-6221,49152,621500.0,55.0,-1,1,16,11,0,11,0,0,0,0,0,0,0,0,0,0,0
openb-pod-4489,23552,162000.0,124.2,-1,1,16,14,0,14,0,0,0,0,0,0,0,0,0,0,0
openb-pod-0242,30517,865360.0,34.6144,-1,2,16,14,0,14,0,0,0,0,0,0,0,0,0,0,0
openb-pod-6748,125952,123000.0,75.0,2,1,16,14,0,14,0,0,0,0,0,0,0,0,0,0,0
openb-pod-5039,49152,216621.0,191.7,-1,1,16,15,0,15,0,0,0,0,0,0,0,0,0,0,0
openb-pod-1142,22888,405200.0,32.416000000000004,-1,2,16,15,0,15,0,0,0,0,0,0,0,0,0,0,0
openb-pod-3063,48128,392046.0,34.39,-1,1,16,15,0,15,0,0,0,0,0,0,0,0,0,0,0
openb-pod-2099,30517,144176.0,0.0,-1,2,16,17,0,17,0,0,0,0,0,0,0,0,0,0,0
openb-pod-6336,77824,581400.0,51.0,1,1,16,19,0,19,0,0,0,0,0,0,0,0,0,0,0
openb-pod-2569,23552,158280.0,121.348,-1,1,16,19,0,19,0,0,0,0,0,0,0,0,0,0,0
openb-pod-0866,24576,554040.0,46.17,-1,1,16,19,0,19,0,0,0,0,0,0,0,0,0,0,0
openb-pod-7049,49152,464656.0,41.12,0,1,16,20,0,20,0,0,0,0,0,0,0,0,0,0,0
openb-pod-6004,49152,314140.0,27.8,0,1,16,20,0,20,0,0,0,0,0,0,0,0,0,0,0
openb-pod-4684,64512,110190.12,58.9,-1,1,16,20,0,20,0,0,0,0,0,0,0,0,0,0,0
openb-pod-5861,5600,245572.32,63.1071,-1,2,16,22,0,22,0,0,0,0,0,0,0,0,0,0,0
openb-pod-5227,58368,553800.0,39.0,-1,1,16,24,0,24,0,0,0,0,0,0,0,0,0,0,0
openb-pod-1067,15258,115160.0,46.064,-1,2,16,24,0,24,0,0,0,0,0,0,0,0,0,0,0
openb-pod-0367,30517,648000.0,38.07,1,2,16,24,0,24,0,0,0,0,0,0,0,0,0,0,0
openb-pod-1556,24576,273835.56,22.819629999999997,0,1,17,1,0,1,0,0,0,0,0,0,0,0,0,0,0
openb-pod-1544,30517,283200.0,162.84,-1,2,17,1,0,1,0,0,0,0,0,0,0,0,0,0,0
openb-pod-2154,48128,362748.0,31.82,2,1,17,1,0,1,0,0,0,0,0,0,0,0,0,0,0
openb-pod-3898,41560,951570.0,97.0,2,1,17,2,0,2,0,0,0,0,0,0,0,0,0,0,0
openb-pod-5629,57344,113750.0,0.0,-1,1,17,5,0,5,0,0,0,0,0,0,0,0,0,0,0
openb-pod-1745,30517,532000.0,30.59,0,2,17,5,0,5,0,0,0,0,0,0,0,0,0,0,0
openb-pod-8061,8192,216200.0,108.1,-1,1,17,6,0,6,0,0,0,0,0,0,0,0,0,0,0
openb-pod-7153,16384,646800.0,53.9,2,1,17,6,0,6,0,0,0,0,0,0,0,0,0,0,0
openb-pod-3524,48128,963300.0,84.5,-1,1,17,9,0,9,0,0,0,0,0,0,0,0,0,0,0
openb-pod-0025,15258,149646.0,41.15265000000001,0,1,17,10,0,10,0,0,0,0,0,0,0,0,0,0,0
openb-pod-5473,41560,164808.0,168.0,-1,1,17,12,0,12,0,0,0,0,0,0,0,0,0,0,0
openb-pod-4711,49152,348040.0,30.8,-1,1,17,15,0,15,0,0,0,0,0,0,0,0,0,0,0
openb-pod-6981,30517,126400.0,74.26,-1,2,17,15,0,15,0,0,0,0,0,0,0,0,0,0,0
openb-pod-0020,30517,259106.87999999998,152.225292,-1,1,17,15,0,15,0,0,0,0,0,0,0,0,0,0,0
openb-pod-0921,48128,235752.0,20.68,-1,1,17,17,0,17,0,0,0,0,0,0,0,0,0,0,0
openb-pod-3885,51200,252098.0,0.0,-1,1,17,17,0,17,0,0,0,0,0,0,0,0,0,0,0
openb-pod-7577,49152,711900.0,63.0,-1,1,17,17,0,17,0,0,0,0,0,0,0,0,0,0,0
openb-pod-4272,30517,344000.0,20.21,-1,2,17,18,0,18,0,0,0,0,0,0,0,0,0,0,0
openb-pod-1115,22888,796000.0,45.77,-1,2,17,18,0,18,0,0,0,0,0,0,0,0,0,0,0
openb-pod-4455,48128,102600.0,90.0,0,1,17,24,0,24,0,0,0,0,0,0,0,0,0,0,0
openb-pod-3910,47104,500136.0,42.0,-1,2,18,5,0,5,0,0,0,0,0,0,0,0,0,0,0
openb-pod-5012,47104,144920.36000000002,79.10499999999999,1,1,18,7,0,7,0,0,0,0,0,0,0,0,0,0,0
openb-pod-4595,90112,588141.0,36.989999999999995,0,1,18,9,0,9,0,0,0,0,0,0,0,0,0,0,0
openb-pod-8055,47104,289840.72000000003,114.398,-1,1,18,9,0,9,0,0,0,0,0,0,0,0,0,0,0
openb-pod-2088,30517,179624.0,0.0,-1,2,18,15,0,15,0,0,0,0,0,0,0,0,0,0,0
openb-pod-1290,58368,403961.0,25.73,1,1,18,21,0,21,0,0,0,0,0,0,0,0,0,0,0
openb-pod-1344,47104,101337.08,39.997,2,1,18,22,0,22,0,0,0,0,0,0,0,0,0,0,0
openb-pod-0288,57344,615000.0,0.0,-1,1,18,24,0,24,0,0,0,0,0,0,0,0,0,0,0
openb-pod-6814,30517,128560.0,75.529,-1,2,18,24,0,24,0,0,0,0,0,0,0,0,0,0,0
openb-pod-3690,16384,481600.0,60.2,-1,1,18,24,0,24,0,0,0,0,0,0,0,0,0,0,0
openb-pod-6129,16384,576876.0,48.073,0,1,19,5,0,5,0,0,0,0,0,0,0,0,0,0,0
openb-pod-3672,49152,569600.0,0.0,-1,2,19,7,0,7,0,0,0,0,0,0,0,0,0,0,0
openb-pod-2062,48128,283438.2,24.863000000000003,2,1,19,9,0,9,0,0,0,0,0,0,0,0,0,0,0
openb-pod-6330,24576,480000.0,40.0,-1,3,19,9,0,9,0,0,0,0,0,0,0,0,0,0,0
openb-pod-1151,47104,217678.24,182.8,-1,2,19,11,0,11,0,0,0,0,0,0,0,0,0,0,0
openb-pod-0403,6144,282600.0,21.666,-1,1,19,11,0,11,0,0,0,0,0,0,0,0,0,0,0
openb-pod-1643,48128,150673.8,132.17000000000002,-1,1,19,11,0,11,0,0,0,0,0,0,0,0,0,0,0
openb-pod-5014,47104,161591.56,88.205,1,1,19,12,0,12,0,0,0,0,0,0,0,0,0,0,0
openb-pod-0595,41560,481671.0,49.1,-1,1,19,14,0,14,0,0,0,0,0,0,0,0,0,0,0
openb-pod-3269,77824,666400.0,56.0,2,1,19,16,0,16,0,0,0,0,0,0,0,0,0,0,0
openb-pod-2416,18432,152634.0,117.01939999999999,0,1,19,16,0,16,0,0,0,0,0,0,0,0,0,0,0
openb-pod-4662,49152,726590.0,64.3,-1,1,19,20,0,20,0,0,0,0,0,0,0,0,0,0,0
openb-pod-2747,77824,470526.0,39.54,0,1,19,20,0,20,0,0,0,0,0,0,0,0,0,0,0
openb-pod-5033,327680,897582.4,81.5984,-1,3,19,20,0,20,0,0,0,0,0,0,0,0,0,0,0
openb-pod-3781,57344,113125.0,0.0,-1,1,19,21,0,21,0,0,0,0,0,0,0,0,0,0,0
openb-pod-7736,49152,497200.0,44.0,-1,1,20,0,0,0,0,0,0,0,0,0,0,0,0,0,0
openb-pod-2874,58368,327973.0,20.89,2,1,20,5,0,5,0,0,0,0,0,0,0,0,0,0,0
openb-pod-4993,65536,230400.0,144.0,-1,1,20,5,0,5,0,0,0,0,0,0,0,0,0,0,0
openb-pod-3204,31250,234960.0,58.739999999999995,-1,1,20,6,0,6,0,0,0,0,0,0,0,0,0,0,0
openb-pod-7761,49152,249730.0,22.1,-1,1,20,7,0,7,0,0,0,0,0,0,0,0,0,0,0
openb-pod-1771,30517,218400.0,87.36,0,2,20,7,0,7,0,0,0,0,0,0,0,0,0,0,0
openb-pod-6645,49152,174585.0,154.5,2,1,20,7,0,7,0,0,0,0,0,0,0,0,0,0,0
openb-pod-4512,30517,113536.0,31.2224,-1,2,20,8,0,8,0,0,0,0,0,0,0,0,0,0,0
openb-pod-6476,24576,162560.0,40.64,2,1,20,8,0,8,0,0,0,0,0,0,0,0,0,0,0
openb-pod-4596,24576,438840.0,36.57,-1,3,20,9,0,9,0,0,0,0,0,0,0,0,0,0,0
openb-pod-6100,22888,171696.0,143.07999999999998,2,2,20,10,0,10,0,0,0,0,0,0,0,0,0,0,0
openb-pod-5088,49152,346910.0,30.7,0,1,20,12,0,12,0,0,0,0,0,0,0,0,0,0,0
openb-pod-4313,47104,100622.6,39.714999999999996,1,1,20,12,0,12,0,0,0,0,0,0,0,0,0,0,0
openb-pod-4253,47104,984791.6,82.7,-1,2,20,13,0,13,0,0,0,0,0,0,0,0,0,0,0
openb-pod-1770,30517,219272.0,87.7088,1,2,20,14,0,14,0,0,0,0,0,0,0,0,0,0,0
openb-pod-6158,49152,400020.0,35.4,0,1,20,14,0,14,0,0,0,0,0,0,0,0,0,0,0
openb-pod-7507,47104,776401.6,42.38,2,1,20,15,0,15,0,0,0,0,0,0,0,0,0,0,0
openb-pod-7686,49152,385330.0,34.1,-1,1,20,16,0,16,0,0,0,0,0,0,0,0,0,0,0
openb-pod-7592,49152,258770.0,22.9,-1,1,20,17,0,17,0,0,0,0,0,0,0,0,0,0,0
openb-pod-7060,47104,654940.0,35.75,-1,1,20,18,0,18,0,0,0,0,0,0,0,0,0,0,0
openb-pod-2396,41560,449592.3,45.83,-1,1,20,18,0,18,0,0,0,0,0,0,0,0,0,0,0
openb-pod-0875,22888,137200.0,78.89,-1,2,20,18,0,18,0,0,0,0,0,0,0,0,0,0,0
openb-pod-2427,48128,387600.0,34.0,-1,1,20,19,0,19,0,0,0,0,0,0,0,0,0,0,0
openb-pod-3124,16384,131040.0,109.2,1,1,20,20,0,20,0,0,0,0,0,0,0,0,0,0,0
openb-pod-3402,6144,297350.0,29.735000000000003,0,1,20,24,0,24,0,0,0,0,0,0,0,0,0,0,0
openb-pod-3437,30517,190744.0,76.2976,-1,2,20,24,0,24,0,0,0,0,0,0,0,0,0,0,0
openb-pod-7778,49152,200010.0,177.0,-1,1,21,0,0,0,0,0,0,0,0,0,0,0,0,0,0
openb-pod-4746,49152,467200.0,0.0,-1,2,21,0,0,0,0,0,0,0,0,0,0,0,0,0,0
openb-pod-2280,49152,464000.0,0.0,-1,2,21,2,0,2,0,0,0,0,0,0,0,0,0,0,0
openb-pod-4377,57344,820000.0,0.0,-1,1,21,2,0,2,0,0,0,0,0,0,0,0,0,0,0
openb-pod-3221,5600,141364.048,36.327690000000004,1,2,21,5,0,5,0,0,0,0,0,0,0,0,0,0,0
openb-pod-6525,93184,823526.0,34.03,1,1,21,5,0,5,0,0,0,0,0,0,0,0,0,0,0
openb-pod-4992,12288,107880.0,82.708,-1,1,21,5,0,5,0,0,0,0,0,0,0,0,0,0,0
openb-pod-5352,49152,102830.0,91.0,2,1,21,7,0,7,0,0,0,0,0,0,0,0,0,0,0
openb-pod-6683,24576,164280.0,41.07,2,1,21,7,0,7,0,0,0,0,0,0,0,0,0,0,0
openb-pod-7550,47104,489418.8,26.714999999999996,2,1,21,7,0,7,0,0,0,0,0,0,0,0,0,0,0
openb-pod-0997,65536,191408.0,119.63,-1,1,21,9,0,9,0,0,0,0,0,0,0,0,0,0,0
openb-pod-4309,47104,172427.84,68.056,-1,1,21,9,0,9,0,0,0,0,0,0,0,0,0,0,0
openb-pod-2430,57344,672500.0,0.0,-1,1,21,10,0,10,0,0,0,0,0,0,0,0,0,0,0
openb-pod-6434,47104,719243.2,28.387999999999998,-1,1,21,11,0,11,0,0,0,0,0,0,0,0,0,0,0
openb-pod-7253,64512,142929.12,76.4,0,1,21,12,0,12,0,0,0,0,0,0,0,0,0,0,0
openb-pod-3991,51200,196196.0,0.0,-1,1,21,14,0,14,0,0,0,0,0,0,0,0,0,0,0
openb-pod-6189,49152,279110.0,24.7,-1,1,21,14,0,14,0,0,0,0,0,0,0,0,0,0,0
openb-pod-2986,58368,816400.0,52.0,1,1,21,15,0,15,0,0,0,0,0,0,0,0,0,0,0
openb-pod-7005,49152,632640.0,0.0,-1,2,21,21,0,21,0,0,0,0,0,0,0,0,0,0,0
openb-pod-3914,64512,129085.2,69.0,-1,1,21,21,0,21,0,0,0,0,0,0,0,0,0,0,0
openb-pod-2248,51200,316162.0,0.0,-1,1,21,24,0,24,0,0,0,0,0,0,0,0,0,0,0
openb-pod-6481,30517,160640.0,94.376,0,2,22,1,0,1,0,0,0,0,0,0,0,0,0,0,0
openb-pod-7910,49152,232780.0,20.6,-1,1,22,1,0,1,0,0,0,0,0,0,0,0,0,0,0
openb-pod-1142,22888,405200.0,32.416000000000004,-1,2,22,2,0,2,0,0,0,0,0,0,0,0,0,0,0
openb-pod-8133,47104,435951.88,172.067,0,1,22,3,0,3,0,0,0,0,0,0,0,0,0,0,0
openb-pod-3616,24576,211632.0,176.35999999999999,2,1,22,5,0,5,0,0,0,0,0,0,0,0,0,0,0
openb-pod-2800,48128,331740.0,29.1,2,1,22,7,0,7,0,0,0,0,0,0,0,0,0,0,0
openb-pod-3953,49152,835200.0,0.0,-1,2,22,7,0,7,0,0,0,0,0,0,0,0,0,0,0
openb-pod-4527,30517,124816.0,0.0,-1,2,22,7,0,7,0,0,0,0,0,0,0,0,0,0,0
openb-pod-6794,49152,473600.0,0.0,-1,2,22,9,0,9,0,0,0,0,0,0,0,0,0,0,0
openb-pod-2679,30517,375160.0,30.012800000000006,-1,2,22,9,0,9,0,0,0,0,0,0,0,0,0,0,0
openb-pod-0910,51200,216832.0,0.0,-1,1,22,9,0,9,0,0,0,0,0,0,0,0,0,0,0
openb-pod-0671,18432,610800.0,46.827999999999996,2,1,22,14,0,14,0,0,0,0,0,0,0,0,0,0,0
openb-pod-6673,49152,128820.0,114.0,0,1,22,14,0,14,0,0,0,0,0,0,0,0,0,0,0
openb-pod-6414,32768,763200.0,95.4,2,1,22,14,0,14,0,0,0,0,0,0,0,0,0,0,0
openb-pod-0202,31250,360800.0,90.2,-1,1,22,17,0,17,0,0,0,0,0,0,0,0,0,0,0
openb-pod-1342,47104,994318.0,54.275,2,1,22,18,0,18,0,0,0,0,0,0,0,0,0,0,0
openb-pod-0715,64512,163320.84,87.3,2,1,22,18,0,18,0,0,0,0,0,0,0,0,0,0,0
openb-pod-3691,43008,783000.0,90.0,1,1,22,19,0,19,0,0,0,0,0,0,0,0,0,0,0
openb-pod-5200,49152,864450.0,76.5,-1,1,22,19,0,19,0,0,0,0,0,0,0,0,0,0,0
openb-pod-3478,47104,119318.16,100.2,-1,2,22,19,0,19,0,0,0,0,0,0,0,0,0,0,0
openb-pod-6315,32768,432000.0,54.0,-1,1,22,20,0,20,0,0,0,0,0,0,0,0,0,0,0
openb-pod-0585,30517,174400.0,102.46,-1,2,22,20,0,20,0,0,0,0,0,0,0,0,0,0,0
openb-pod-5013,47104,666848.0,36.4,-1,1,23,1,0,1,0,0,0,0,0,0,0,0,0,0,0
openb-pod-7725,49152,140120.0,124.0,2,1,23,2,0,2,0,0,0,0,0,0,0,0,0,0,0
openb-pod-6478,41560,361008.0,36.8,-1,1,23,2,0,2,0,0,0,0,0,0,0,0,0,0,0
openb-pod-4744,49152,711900.0,63.0,-1,1,23,2,0,2,0,0,0,0,0,0,0,0,0,0,0
openb-pod-2217,51200,219912.0,0.0,-1,1,23,7,0,7,0,0,0,0,0,0,0,0,0,0,0
openb-pod-6850,49152,476800.0,0.0,-1,2,23,7,0,7,0,0,0,0,0,0,0,0,0,0,0
openb-pod-6108,49152,476800.0,0.0,-1,2,23,8,0,8,0,0,0,0,0,0,0,0,0,0,0
openb-pod-7343,30517,164800.0,96.82,1,2,23,9,0,9,0,0,0,0,0,0,0,0,0,0,0
openb-pod-3995,24576,546000.0,45.5,2,1,23,9,0,9,0,0,0,0,0,0,0,0,0,0,0
openb-pod-1735,15258,175160.0,140.128,0,2,23,9,0,9,0,0,0,0,0,0,0,0,0,0,0
openb-pod-4556,48128,201780.0,177.0,1,1,23,11,0,11,0,0,0,0,0,0,0,0,0,0,0
openb-pod-4120,16384,436720.0,54.589999999999996,-1,1,23,11,0,11,0,0,0,0,0,0,0,0,0,0,0
openb-pod-1770,30517,219272.0,87.7088,1,2,23,11,0,11,0,0,0,0,0,0,0,0,0,0,0
openb-pod-4279,48128,103740.0,91.0,2,1,23,14,0,14,0,0,0,0,0,0,0,0,0,0,0
openb-pod-0616,32768,968000.0,121.0,1,1,23,14,0,14,0,0,0,0,0,0,0,0,0,0,0
openb-pod-2094,24576,185960.0,46.489999999999995,-1,1,23,14,0,14,0,0,0,0,0,0,0,0,0,0,0
openb-pod-5335,49152,308490.0,27.3,2,1,23,15,0,15,0,0,0,0,0,0,0,0,0,0,0
openb-pod-0209,16384,228000.0,57.0,-1,1,23,16,0,16,0,0,0,0,0,0,0,0,0,0,0
openb-pod-5054,47104,690664.0,37.7,-1,1,23,16,0,16,0,0,0,0,0,0,0,0,0,0,0
openb-pod-6680,77824,103740.0,91.0,-1,1,23,16,0,16,0,0,0,0,0,0,0,0,0,0,0
openb-pod-5706,31250,742800.0,185.7,0,1,23,18,0,18,0,0,0,0,0,0,0,0,0,0,0
openb-pod-4818,64512,937270.8,50.1,-1,1,23,19,0,19,0,0,0,0,0,0,0,0,0,0,0
openb-pod-8019,77824,136800.0,120.0,0,1,23,19,0,19,0,0,0,0,0,0,0,0,0,0,0
openb-pod-5280,47104,261261.52000000002,142.60999999999999,-1,1,23,19,0,19,0,0,0,0,0,0,0,0,0,0,0
openb-pod-0276,57344,152000.0,0.0,-1,1,23,20,0,20,0,0,0,0,0,0,0,0,0,0,0
openb-pod-7902,22888,129600.0,103.67999999999999,1,2,23,20,0,20,0,0,0,0,0,0,0,0,0,0,0
openb-pod-2873,58368,706500.0,45.0,0,1,23,21,0,21,0,0,0,0,0,0,0,0,0,0,0
openb-pod-3193,51200,171402.0,0.0,-1,1,23,21,0,21,0,0,0,0,0,0,0,0,0,0,0
openb-pod-3143,77824,125188.0,105.2,-1,1,23,21,0,21,0,0,0,0,0,0,0,0,0,0,0
openb-pod-6805,49152,720940.0,63.8,-1,1,23,23,0,23,0,0,0,0,0,0,0,0,0,0,0
openb-pod-2860,30517,310488.0,124.1952,1,2,23,23,0,23,0,0,0,0,0,0,0,0,0,0,0
openb-pod-0161,32768,220640.0,137.9,2,1,24,5,0,5,0,0,0,0,0,0,0,0,0,0,0
openb-pod-4673,49152,896090.0,79.3,-1,1,24,7,0,7,0,0,0,0,0,0,0,0,0,0,0
openb-pod-6280,49152,792130.0,70.1,1,1,24,7,0,7,0,0,0,0,0,0,0,0,0,0,0
openb-pod-4186,48128,141360.0,124.0,-1,1,24,11,0,11,0,0,0,0,0,0,0,0,0,0,0
openb-pod-4623,16384,856153.6,107.0192,-1,1,24,11,0,11,0,0,0,0,0,0,0,0,0,0,0
openb-pod-1019,32768,429600.0,53.7,2,1,24,12,0,12,0,0,0,0,0,0,0,0,0,0,0
openb-pod-3748,49152,448000.0,0.0,-1,2,24,16,0,16,0,0,0,0,0,0,0,0,0,0,0
openb-pod-3213,15360,461640.0,38.47,-1,1,24,17,0,17,0,0,0,0,0,0,0,0,0,0,0
openb-pod-0845,48128,185364.0,162.6,1,1,24,17,0,17,0,0,0,0,0,0,0,0,0,0,0
openb-pod-5045,47104,197791.88,107.965,-1,1,24,17,0,17,0,0,0,0,0,0,0,0,0,0,0
openb-pod-5573,49152,103960.0,92.0,-1,1,24,18,0,18,0,0,0,0,0,0,0,0,0,0,0
openb-pod-2777,48128,420660.0,36.9,-1,1,24,19,0,19,0,0,0,0,0,0,0,0,0,0,0
openb-pod-6068,30517,215680.0,0.0,-1,2,24,19,0,19,0,0,0,0,0,0,0,0,0,0,0
openb-pod-5598,24576,796800.0,66.4,-1,1,24,20,0,20,0,0,0,0,0,0,0,0,0,0,0
openb-pod-4557,48128,173280.0,152.0,1,1,24,22,0,22,0,0,0,0,0,0,0,0,0,0,0
openb-pod-7719,49152,277980.0,24.6,-1,1,24,22,0,22,0,0,0,0,0,0,0,0,0,0,0
openb-pod-8118,47104,130988.0,51.7,-1,1,24,22,0,22,0,0,0,0,0,0,0,0,0,0,0
openb-pod-2641,30517,267720.0,21.4176,-1,2,24,24,0,24,0,0,0,0,0,0,0,0,0,0,0
openb-pod-1265,93184,117781.4,48.67,-1,1,24,24,0,24,0,0,0,0,0,0,0,0,0,0,0
openb-pod-0020,30517,259106.87999999998,152.225292,-1,1,24,24,0,24,0,0,0,0,0,0,0,0,0,0,0
openb-pod-7688,49152,960500.0,85.0,-1,1,25,1,0,1,0,0,0,0,0,0,0,0,0,0,0
openb-pod-7364,49152,892700.0,79.0,0,1,25,1,0,1,0,0,0,0,0,0,0,0,0,0,0
openb-pod-4736,24576,444000.0,37.0,-1,3,25,1,0,1,0,0,0,0,0,0,0,0,0,0,0
openb-pod-2579,48128,625746.0,54.89,-1,1,25,3,0,3,0,0,0,0,0,0,0,0,0,0,0
openb-pod-1640,64512,404279.88,21.61,1,1,25,3,0,3,0,0,0,0,0,0,0,0,0,0,0
openb-pod-4561,48128,454860.0,39.9,1,1,25,6,0,6,0,0,0,0,0,0,0,0,0,0,0
openb-pod-2818,48128,242820.0,21.3,-1,1,25,8,0,8,0,0,0,0,0,0,0,0,0,0,0
openb-pod-2535,58368,125600.0,80.0,-1,1,25,8,0,8,0,0,0,0,0,0,0,0,0,0,0
openb-pod-6446,49152,460800.0,0.0,-1,2,25,8,0,8,0,0,0,0,0,0,0,0,0,0,0
openb-pod-3961,47104,962642.72,80.84,0,2,25,9,0,9,0,0,0,0,0,0,0,0,0,0,0
openb-pod-2614,57344,706250.0,0.0,-1,1,25,9,0,9,0,0,0,0,0,0,0,0,0,0,0
openb-pod-3460,48128,156522.0,137.3,-1,1,25,9,0,9,0,0,0,0,0,0,0,0,0,0,0
openb-pod-2686,48128,478800.0,42.0,-1,1,25,10,0,10,0,0,0,0,0,0,0,0,0,0,0
openb-pod-4380,16384,122888.0,153.60999999999999,-1,1,25,10,0,10,0,0,0,0,0,0,0,0,0,0,0
openb-pod-3325,77824,137564.0,115.6,-1,1,25,11,0,11,0,0,0,0,0,0,0,0,0,0,0
openb-pod-6796,41560,500310.0,51.0,-1,1,25,12,0,12,0,0,0,0,0,0,0,0,0,0,0
openb-pod-1806,58368,333154.0,21.22,2,1,25,12,0,12,0,0,0,0,0,0,0,0,0,0,0
openb-pod-7821,15258,454000.0,181.6,-1,2,25,12,0,12,0,0,0,0,0,0,0,0,0,0,0
openb-pod-5278,47104,483226.64,190.726,-1,1,25,14,0,14,0,0,0,0,0,0,0,0,0,0,0
openb-pod-7699,49152,670090.0,59.3,-1,1,25,18,0,18,0,0,0,0,0,0,0,0,0,0,0
openb-pod-6288,32768,512000.0,32.0,-1,1,25,21,0,21,0,0,0,0,0,0,0,0,0,0,0
openb-pod-1300,58368,334410.0,21.3,2,1,25,21,0,21,0,0,0,0,0,0,0,0,0,0,0
openb-pod-2847,48128,231078.0,20.27,1,1,25,21,0,21,0,0,0,0,0,0,0,0,0,0,0
openb-pod-3665,64512,104877.048,56.06,2,1,25,22,0,22,0,0,0,0,0,0,0,0,0,0,0
openb-pod-1185,48128,576840.0,50.6,-1,1,25,22,0,22,0,0,0,0,0,0,0,0,0,0,0
openb-pod-6414,32768,763200.0,95.4,2,1,25,24,0,24,0,0,0,0,0,0,0,0,0,0,0
openb-pod-3618,15258,325840.0,26.067199999999996,-1,2,25,24,0,24,0,0,0,0,0,0,0,0,0,0,0
openb-pod-3250,16384,646800.0,53.9,0,1,26,11,0,11,0,0,0,0,0,0,0,0,0,0,0
openb-pod-2464,15258,145100.0,58.04,2,2,26,13,0,13,0,0,0,0,0,0,0,0,0,0,0
openb-pod-5355,49152,470400.0,0.0,-1,2,26,13,0,13,0,0,0,0,0,0,0,0,0,0,0
openb-pod-2834,58368,330642.0,21.06,-1,1,26,17,0,17,0,0,0,0,0,0,0,0,0,0,0
openb-pod-0850,15258,171600.0,98.67,-1,2,26,22,0,22,0,0,0,0,0,0,0,0,0,0,0
openb-pod-6625,49152,204869.0,181.3,-1,1,26,24,0,24,0,0,0,0,0,0,0,0,0,0,0
openb-pod-7709,77824,452694.0,39.71,-1,1,27,0,0,0,0,0,0,0,0,0,0,0,0,0,0
openb-pod-0371,31250,190880.0,47.72,-1,1,27,0,0,0,0,0,0,0,0,0,0,0,0,0,0
openb-pod-6065,49152,467200.0,0.0,-1,2,27,0,0,0,0,0,0,0,0,0,0,0,0,0,0
openb-pod-4791,30517,244000.0,143.35,-1,2,27,1,0,1,0,0,0,0,0,0,0,0,0,0,0
openb-pod-5463,57344,722500.0,0.0,-1,1,27,1,0,1,0,0,0,0,0,0,0,0,0,0,0
openb-pod-7584,49152,587600.0,52.0,2,1,27,1,0,1,0,0,0,0,0,0,0,0,0,0,0
openb-pod-5904,49152,857670.0,75.9,0,1,27,2,0,2,0,0,0,0,0,0,0,0,0,0,0
openb-pod-3653,24576,153540.0,127.95,-1,1,27,6,0,6,0,0,0,0,0,0,0,0,0,0,0
openb-pod-4679,49152,119441.0,105.7,-1,1,27,6,0,6,0,0,0,0,0,0,0,0,0,0,0
openb-pod-2708,22888,503120.0,40.2496,0,2,27,6,0,6,0,0,0,0,0,0,0,0,0,0,0
openb-pod-2613,47104,654940.0,25.85,-1,1,27,10,0,10,0,0,0,0,0,0,0,0,0,0,0
openb-pod-4352,48128,404244.0,35.46,2,1,27,10,0,10,0,0,0,0,0,0,0,0,0,0,0
openb-pod-3163,41560,399267.0,40.7,-1,1,27,12,0,12,0,0,0,0,0,0,0,0,0,0,0
openb-pod-8091,47104,746750.6799999999,29.473699999999997,0,1,27,17,0,17,0,0,0,0,0,0,0,0,0,0,0
openb-pod-7481,47104,232206.0,126.75,-1,1,27,17,0,17,0,0,0,0,0,0,0,0,0,0,0
openb-pod-2946,58368,335195.0,21.35,1,1,27,21,0,21,0,0,0,0,0,0,0,0,0,0,0
openb-pod-6185,57344,117500.0,0.0,-1,1,27,21,0,21,0,0,0,0,0,0,0,0,0,0,0
openb-pod-2872,58368,333311.0,21.23,-1,1,27,23,0,23,0,0,0,0,0,0,0,0,0,0,0
openb-pod-5473,41560,164808.0,168.0,-1,1,27,23,0,23,0,0,0,0,0,0,0,0,0,0,0
openb-pod-0329,64512,202046.4,108.0,-1,1,27,23,0,23,0,0,0,0,0,0,0,0,0,0,0
openb-pod-6313,49152,165307.7,146.29000000000002,-1,1,28,1,0,1,0,0,0,0,0,0,0,0,0,0,0
openb-pod-0265,30517,448000.0,26.32,-1,2,28,1,0,1,0,0,0,0,0,0,0,0,0,0,0
openb-pod-1563,6144,324000.0,24.84,-1,1,28,3,0,3,0,0,0,0,0,0,0,0,0,0,0
openb-pod-4645,49152,277302.0,24.54,2,1,28,3,0,3,0,0,0,0,0,0,0,0,0,0,0
openb-pod-1003,5600,157880.528,40.572089999999996,2,2,28,3,0,3,0,0,0,0,0,0,0,0,0,0,0
openb-pod-5192,49152,447480.0,39.6,-1,1,28,5,0,5,0,0,0,0,0,0,0,0,0,0,0
openb-pod-4223,30517,832000.0,48.88,-1,2,28,5,0,5,0,0,0,0,0,0,0,0,0,0,0
openb-pod-4822,49152,124413.0,110.1,2,1,28,9,0,9,0,0,0,0,0,0,0,0,0,0,0
openb-pod-3189,49152,480000.0,0.0,-1,2,28,13,0,13,0,0,0,0,0,0,0,0,0,0,0
openb-pod-1992,57344,273250.0,0.0,-1,1,28,13,0,13,0,0,0,0,0,0,0,0,0,0,0
openb-pod-7795,49152,711900.0,63.0,2,1,28,14,0,14,0,0,0,0,0,0,0,0,0,0,0
openb-pod-7648,49152,705120.0,62.4,-1,1,28,14,0,14,0,0,0,0,0,0,0,0,0,0,0
openb-pod-7030,77824,312816.0,27.439999999999998,-1,1,28,15,0,15,0,0,0,0,0,0,0,0,0,0,0
openb-pod-4634,47104,106219.36000000002,57.98,2,1,28,18,0,18,0,0,0,0,0,0,0,0,0,0,0
openb-pod-2827,48128,217170.0,190.5,2,1,28,18,0,18,0,0,0,0,0,0,0,0,0,0,0
openb-pod-0695,48128,345534.0,30.310000000000002,-1,1,28,20,0,20,0,0,0,0,0,0,0,0,0,0,0
openb-pod-5174,15360,745956.0,62.163,-1,1,28,20,0,20,0,0,0,0,0,0,0,0,0,0,0
openb-pod-3545,24576,161320.0,40.33,1,1,28,20,0,20,0,0,0,0,0,0,0,0,0,0,0
openb-pod-7725,49152,140120.0,124.0,2,1,28,21,0,21,0,0,0,0,0,0,0,0,0,0,0
openb-pod-5483,49152,579200.0,0.0,-1,2,28,21,0,21,0,0,0,0,0,0,0,0,0,0,0
openb-pod-6663,18432,175095.6,134.23996,-1,1,28,21,0,21,0,0,0,0,0,0,0,0,0,0,0
openb-pod-2714,12288,358800.0,27.508,-1,1,28,23,0,23,0,0,0,0,0,0,0,0,0,0,0
openb-pod-0370,12288,193980.0,148.718,-1,1,29,5,0,5,0,0,0,0,0,0,0,0,0,0,0
openb-pod-7774,49152,285890.0,25.3,-1,1,29,5,0,5,0,0,0,0,0,0,0,0,0,0,0
openb-pod-6814,30517,128560.0,75.529,-1,2,29,12,0,12,0,0,0,0,0,0,0,0,0,0,0
openb-pod-1559,51200,546854.0,0.0,-1,1,29,12,0,12,0,0,0,0,0,0,0,0,0,0,0
openb-pod-2996,31250,514080.0,128.52,-1,1,29,14,0,14,0,0,0,0,0,0,0,0,0,0,0
openb-pod-0109,15258,144560.0,57.824,-1,2,29,17,0,17,0,0,0,0,0,0,0,0,0,0,0
openb-pod-2421,47104,900244.8,35.532,-1,1,29,17,0,17,0,0,0,0,0,0,0,0,0,0,0
openb-pod-6242,47104,246138.36000000002,134.355,-1,1,29,17,0,17,0,0,0,0,0,0,0,0,0,0,0
openb-pod-2803,16384,278160.0,34.769999999999996,-1,1,29,21,0,21,0,0,0,0,0,0,0,0,0,0,0
openb-pod-4381,47104,134560.4,73.45,0,1,29,22,0,22,0,0,0,0,0,0,0,0,0,0,0
openb-pod-7024,64512,634388.28,33.910000000000004,2,1,29,22,0,22,0,0,0,0,0,0,0,0,0,0,0
openb-pod-7987,49152,562740.0,49.8,-1,1,29,24,0,24,0,0,0,0,0,0,0,0,0,0,0
openb-pod-8032,49152,872360.0,77.2,0,1,29,24,0,24,0,0,0,0,0,0,0,0,0,0,0
openb-pod-0739,24576,164040.0,41.010000000000005,1,1,29,24,0,24,0,0,0,0,0,0,0,0,0,0,0
